{
    "name": "SSD OpenVINO INT8",
    "fps_throughput": "0",
    "latency": "0",
    "precision": [
        "INT8"
    ],
    "creation_date": "2023-12-07T16:06:01.122000+00:00",
    "size": 2670401,
    "target_device": "CPU",
    "target_device_type": null,
    "previous_revision_id": "6571ed69b53256e7c9cc1249",
    "previous_trained_revision_id": "6571ed69b53256e7c9cc1247",
    "score": null,
    "performance": {
        "score": 1.0,
        "local_score": null,
        "global_score": null,
        "task_performances": null
    },
    "id": "6571ed69b53256e7c9cc124b",
    "label_schema_in_sync": null,
    "model_status": "SUCCESS",
    "optimization_methods": [
        "QUANTIZATION"
    ],
    "optimization_objectives": {},
    "optimization_type": "POT",
    "version": 2,
    "configurations": [
        {
            "name": "sample_size",
            "value": 300
        }
    ],
    "model_format": "OpenVINO",
    "has_xai_head": false
}