{
    "components": [
        {
            "header": "Learning Parameters",
            "type": "PARAMETER_GROUP",
            "parameters": [
                {
                    "name": "auto_adapt_batch_size",
                    "data_type": "string",
                    "template_type": "selectable",
                    "auto_hpo_state": "not_possible",
                    "enum_name": "BatchSizeAdaptType",
                    "value": "None",
                    "options": [
                        "None",
                        "Safe",
                        "Full"
                    ]
                },
                {
                    "name": "auto_num_workers",
                    "data_type": "boolean",
                    "template_type": "input",
                    "auto_hpo_state": "not_possible",
                    "value": false
                },
                {
                    "name": "batch_size",
                    "data_type": "integer",
                    "template_type": "input",
                    "auto_hpo_state": "possible",
                    "value": 8,
                    "min_value": 1,
                    "max_value": 512
                },
                {
                    "name": "early_stop_iteration_patience",
                    "data_type": "integer",
                    "template_type": "input",
                    "auto_hpo_state": "not_possible",
                    "value": 0,
                    "min_value": 0,
                    "max_value": 1000
                },
                {
                    "name": "early_stop_patience",
                    "data_type": "integer",
                    "template_type": "input",
                    "auto_hpo_state": "not_possible",
                    "value": 10,
                    "min_value": 0,
                    "max_value": 50
                },
                {
                    "name": "enable_early_stopping",
                    "data_type": "boolean",
                    "template_type": "input",
                    "auto_hpo_state": "not_possible",
                    "value": true
                },
                {
                    "name": "learning_rate",
                    "data_type": "float",
                    "template_type": "input",
                    "auto_hpo_state": "possible",
                    "value": 0.01,
                    "min_value": 1e-07,
                    "max_value": 0.1
                },
                {
                    "name": "learning_rate_warmup_iters",
                    "data_type": "integer",
                    "template_type": "input",
                    "auto_hpo_state": "not_possible",
                    "value": 3,
                    "min_value": 0,
                    "max_value": 10000
                },
                {
                    "name": "num_checkpoints",
                    "data_type": "integer",
                    "template_type": "input",
                    "auto_hpo_state": "not_possible",
                    "value": 5,
                    "min_value": 1,
                    "max_value": 100
                },
                {
                    "name": "num_iters",
                    "data_type": "integer",
                    "template_type": "input",
                    "auto_hpo_state": "not_possible",
                    "value": 200,
                    "min_value": 1,
                    "max_value": 100000
                },
                {
                    "name": "num_workers",
                    "data_type": "integer",
                    "template_type": "input",
                    "auto_hpo_state": "not_possible",
                    "value": 2,
                    "min_value": 0,
                    "max_value": 8
                },
                {
                    "name": "use_adaptive_interval",
                    "data_type": "boolean",
                    "template_type": "input",
                    "auto_hpo_state": "not_possible",
                    "value": true
                }
            ],
            "name": "learning_parameters",
            "entity_identifier": {
                "type": "HYPER_PARAMETER_GROUP",
                "group_name": "learning_parameters"
            }
        },
        {
            "header": "Optimization by NNCF",
            "type": "PARAMETER_GROUP",
            "parameters": [
                {
                    "name": "enable_pruning",
                    "data_type": "boolean",
                    "template_type": "input",
                    "auto_hpo_state": "not_possible",
                    "value": false
                },
                {
                    "name": "maximal_accuracy_degradation",
                    "data_type": "float",
                    "template_type": "input",
                    "auto_hpo_state": "not_possible",
                    "value": 1.0,
                    "min_value": 0.0,
                    "max_value": 100.0
                }
            ],
            "name": "nncf_optimization",
            "entity_identifier": {
                "type": "HYPER_PARAMETER_GROUP",
                "group_name": "nncf_optimization"
            }
        },
        {
            "header": "Postprocessing",
            "type": "PARAMETER_GROUP",
            "parameters": [
                {
                    "name": "confidence_threshold",
                    "data_type": "float",
                    "template_type": "input",
                    "auto_hpo_state": "not_possible",
                    "value": 0.35,
                    "min_value": 0,
                    "max_value": 1
                },
                {
                    "name": "result_based_confidence_threshold",
                    "data_type": "boolean",
                    "template_type": "input",
                    "auto_hpo_state": "not_possible",
                    "value": true
                }
            ],
            "name": "postprocessing",
            "entity_identifier": {
                "type": "HYPER_PARAMETER_GROUP",
                "group_name": "postprocessing"
            }
        },
        {
            "header": "POT Parameters",
            "type": "PARAMETER_GROUP",
            "parameters": [
                {
                    "name": "preset",
                    "data_type": "string",
                    "template_type": "selectable",
                    "auto_hpo_state": "not_possible",
                    "enum_name": "POTQuantizationPreset",
                    "value": "Performance",
                    "options": [
                        "Mixed",
                        "Performance"
                    ]
                },
                {
                    "name": "stat_subset_size",
                    "data_type": "integer",
                    "template_type": "input",
                    "auto_hpo_state": "not_possible",
                    "value": 300,
                    "min_value": 1,
                    "max_value": 9223372036854775807
                }
            ],
            "name": "pot_parameters",
            "entity_identifier": {
                "type": "HYPER_PARAMETER_GROUP",
                "group_name": "pot_parameters"
            }
        },
        {
            "header": "Tiling",
            "type": "PARAMETER_GROUP",
            "parameters": [
                {
                    "name": "enable_adaptive_params",
                    "data_type": "boolean",
                    "template_type": "input",
                    "auto_hpo_state": "not_possible",
                    "value": true
                },
                {
                    "name": "enable_tiling",
                    "data_type": "boolean",
                    "template_type": "input",
                    "auto_hpo_state": "not_possible",
                    "value": false
                },
                {
                    "name": "tile_max_number",
                    "data_type": "integer",
                    "template_type": "input",
                    "auto_hpo_state": "not_possible",
                    "value": 1500,
                    "min_value": 1,
                    "max_value": 5000
                },
                {
                    "name": "tile_overlap",
                    "data_type": "float",
                    "template_type": "input",
                    "auto_hpo_state": "not_possible",
                    "value": 0.2,
                    "min_value": 0.0,
                    "max_value": 0.9
                },
                {
                    "name": "tile_sampling_ratio",
                    "data_type": "float",
                    "template_type": "input",
                    "auto_hpo_state": "not_possible",
                    "value": 1.0,
                    "min_value": 1e-06,
                    "max_value": 1.0
                },
                {
                    "name": "tile_size",
                    "data_type": "integer",
                    "template_type": "input",
                    "auto_hpo_state": "not_possible",
                    "value": 400,
                    "min_value": 100,
                    "max_value": 4096
                }
            ],
            "name": "tiling_parameters",
            "entity_identifier": {
                "type": "HYPER_PARAMETER_GROUP",
                "group_name": "tiling_parameters"
            }
        }
    ],
    "task_title": "Detection task"
}