{
    "name": "SSD OpenVINO FP16",
    "fps_throughput": "0",
    "latency": "0",
    "precision": [
        "FP16"
    ],
    "creation_date": "2023-12-07T15:38:15.289000+00:00",
    "size": 4115476,
    "target_device": "CPU",
    "target_device_type": null,
    "previous_revision_id": "6571e6e7b53256e7c9cbdf47",
    "previous_trained_revision_id": "6571e6e7b53256e7c9cbdf47",
    "score": null,
    "performance": {
        "score": 1.0,
        "local_score": null,
        "global_score": null,
        "task_performances": null
    },
    "id": "6571e6e7b53256e7c9cbdf4c",
    "label_schema_in_sync": null,
    "model_status": "SUCCESS",
    "optimization_methods": [],
    "optimization_objectives": {},
    "optimization_type": "MO",
    "version": 1,
    "configurations": [],
    "model_format": "OpenVINO",
    "has_xai_head": false
}